"","Tier","Food Dilution (Spheres)","Food Dilution (Fibers)","Food Dilution (Fragments)","Tissue Translocation (Spheres)","Tissue Translocation (Fibers)","Tissue Translocation (Fragments)"
"1","Tier1",0.243252830452562,0.22224651665586,0.319061417280634,54.6504487555621,6.53182263277932,72.5854705205337
"2","Tier2",1.80043279264955,1.0332923190594,2.36363781943549,281.374873993078,35.7596198690144,371.914136907068
"3","Tier3",4.02426283020535,2.96888128257285,5.27711849941142,1138.41874983233,147.282966554184,1506.46593535775
"4","Tier4",22.7238249952105,11.7504174574927,29.805088225631,4295.25809899128,562.564789977615,5681.03817893079
