"","Tier","Food Dilution (All biological org)","Food Dilution (Organism + biological org)","Tissue Translocation (All biological org)","Tissue Translocation (Organism + biological org)"
"1","Tier1",0.243252830452562,0.986633172932824,54.6504487555621,48.7540804835073
"2","Tier2",1.80043279264955,10.8490053286314,281.374873993078,268.988366051218
"3","Tier3",4.02426283020535,21.7899061348302,1138.41874983233,1268.92590545312
"4","Tier4",22.7238249952105,89.9278878870817,4295.25809899128,4796.89674546707
