"","Tier","Food Dilution (All Endpoints)","Food Dilution (Fitness Endpoints)","Food Dilution (Mortality)","Tissue Translocation (All Endpoints)","Tissue Translocation (Fitness Endpoints)","Tissue Translocation (Mortality)"
"1","Tier1",0.29327984530845,0.357630032031269,978.210309279334,54.6504487555621,35.2832579484438,76.062727663834
"2","Tier2",2.27206893686641,5.92678619133673,3401.65525650992,281.374873993078,246.161729450718,1015.49375884467
"3","Tier3",5.3553268424478,25.3993460406023,51109.2065579547,1138.41874983233,1268.92590545312,4264.91731365676
"4","Tier4",30.8907863233884,112.752516891877,66676.6012647624,4295.25809899128,4796.89674546707,22716.0886212642
