"","Tier","Food Dilution (All Endpoints)","Food Dilution (Fitness Endpoints)","Tissue Translocation (All Endpoints)","Tissue Translocation (Fitness Endpoints)"
"1","Tier1",0.243252830452562,0.338426528216262,54.6504487555621,35.2832579484438
"2","Tier2",1.80043279264955,5.19860083549578,281.374873993078,246.161729450718
"3","Tier3",4.02426283020535,21.7899061348302,1138.41874983233,1268.92590545312
"4","Tier4",22.7238249952105,89.9278878870817,4295.25809899128,4796.89674546707
