"","Tier","um2/L","ug/L (SA)","surface area (particles/L)","um3/L","ug/L (V)","volume (particles/L)"
"1","Tier1",6972.55266426078,16216.1034103016,98.6067854215826,33.4153063505615,70.656099130884,0.429645188455021
"2","Tier2",36993.715929546,86036.4850479676,523.170147901415,312.342590068295,660.443114755155,4.01601857437908
"3","Tier3",168155.982214053,391081.276534614,2378.08470641283,821.492121580509,1737.03117274151,10.562528850939
"4","Tier4",664733.092175806,1545973.34462948,9400.7455431323,5433.20408848399,11488.4179916489,69.8587039730093
