"","Tier","um2/L","ug/L (SA)","surface area (particles/L)","um3/L","ug/L (V)","volume (particles/L)"
"1","Tier1",3864.37029099459,8987.38686846608,54.6504487555621,22.8096022968802,48.2305175992295,0.29327984530845
"2","Tier2",19896.2081456016,46272.718801496,281.374873993078,176.708320295629,373.646749339174,2.27206893686641
"3","Tier3",80498.3617836351,187215.475005909,1138.41874983233,416.506205251063,880.695314240412,5.3553268424478
"4","Tier4",303720.612874318,706364.670639928,4295.25809899128,2402.50587261917,5080.05796258273,30.8907863233884
