"","Tier","um2/L","ug/L (SA)","surface area (particles/L)","um3/L","ug/L (V)","volume (particles/L)"
"1","Tier1",3999.63942289631,9301.9830195118,56.5634431646205,19.3848785659864,40.9889972945128,0.249245651597055
"2","Tier2",21172.8761369809,49241.8724480427,299.429685873641,158.84363010291,335.872164603754,2.04236946609042
"3","Tier3",97895.4331863509,227675.937979371,1384.45049306527,418.48221165155,884.873546295248,5.3807338111411
"4","Tier4",386813.546021991,899614.354288005,5470.36962893929,2639.53857404651,5581.25959376364,33.9384902290879
