"","Tier","um2/L","ug/L (SA)","surface area (particles/L)","um3/L","ug/L (V)","volume (particles/L)"
"1","Tier1",16711.7833055705,38866.6847426981,236.340306021781,37.7690322964602,79.8619788793708,0.485624247419288
"2","Tier2",92802.6843986403,215831.704603049,1312.42814901187,629.732349908564,1331.55838448018,8.0969323253905
"3","Tier3",218961.909222676,509240.895529102,3096.58901665815,1093.07639323772,2311.29151377466,14.0544877261154
"4","Tier4",1018045.73757092,2367674.47329379,14397.3408918892,7294.39801385518,15423.8810130919,93.7894441681836
