"","Tier","um2/L","ug/L (SA)","surface area (particles/L)","um3/L","ug/L (V)","volume (particles/L)"
"1","Tier1",41956.4891130734,97578.433459265,593.354359332675,10.1116190636303,21.3808471913528,0.130012528767548
"2","Tier2",391136.058277206,909667.244398414,5531.49918348777,106.106148874887,224.35965406537,1.36428485351358
"3","Tier3",870430.15198179,2024364.10818816,12309.7412603112,246.874709468157,522.012390432482,3.17424984710465
"4","Tier4",4023088.63355789,9356518.97546481,56895.0650820661,1249.49893025345,2642.04431806557,16.0657274163841
