"","Tier","Tissue Translocation (Default)","Tissue Translocation (lower)","Tissue Translocation (upper)","Food Dilution (Default)","Food Dilution (lower)","Food Dilution (upper)"
"1","Tier1",54.6504487555621,54.3651566071172,55.1099976294266,0.243252830452562,0.241779701704887,0.242280672134006
"2","Tier2",281.374873993078,285.466336700268,268.175138677192,1.80043279264955,1.86375701765675,1.85786664464738
"3","Tier3",1138.41874983233,1201.57452349719,968.012721557956,4.02426283020535,4.20979809908173,4.20811503181267
"4","Tier4",4295.25809899128,4536.55348003603,3658.5233527836,22.7238249952105,24.440344652371,24.3477283953459
