"","Tier","Tissue Translocation (Default)","Tissue Translocation (lower)","Tissue Translocation (upper)","Food Dilution (Default)","Food Dilution (lower)","Food Dilution (upper)"
"1","Tier1",54.6504487555621,54.3651566071172,55.1099976294266,0.29327984530845,0.242378816694292,0.242631778442703
"2","Tier2",281.374873993078,285.466336700268,268.175138677192,2.27206893686641,2.3438365333513,2.33429043247005
"3","Tier3",1138.41874983233,1201.57452349719,968.012721557956,5.3553268424478,5.6215266464134,5.58862068781902
"4","Tier4",4295.25809899128,4536.55348003603,3658.5233527836,30.8907863233884,33.2973925887708,33.0383293001367
