"","Tier","Tissue Translocation (Default)","Tissue Translocation (lower)","Tissue Translocation (upper)","Food Dilution (Default)","Food Dilution (lower)","Food Dilution (upper)"
"1","Tier1",57.1932382752804,59.3515017859207,58.366407353139,0.252883264224276,0.248662174818634,0.249141426196551
"2","Tier2",311.625596061815,316.135765863056,297.702124892435,2.56239308197888,2.62192261792882,2.61619959222554
"3","Tier3",890.249756238747,927.033920500065,767.22389542136,4.99896448966197,5.20305461357186,5.16814649250594
"4","Tier4",4108.12003782372,4318.63436259808,3482.05384263407,34.0832224060649,35.8304366510466,35.5473066781879
